mfcc_1,mfcc_2,mfcc_3,mfcc_4,mfcc_5,mfcc_6,mfcc_7,mfcc_8,mfcc_9,mfcc_10,mfcc_11,mfcc_12,label
-566.9641723632812,93.22382354736328,-12.903730392456055,-1.886694073677063,-5.6423115730285645,-11.275890350341797,4.557010173797607,0.9793499112129211,-14.132587432861328,-9.156355857849121,-6.065807819366455,-11.815648078918457,-6.713069915771484
-538.5123901367188,86.10037231445312,-17.458864212036133,-9.955921173095703,-9.405153274536133,-8.035759925842285,2.680769920349121,3.520005702972412,-12.046732902526855,-8.686521530151367,-5.073322772979736,-8.643549919128418,-4.8718438148498535
-571.7442016601562,93.2776107788086,-8.991927146911621,-3.670778274536133,-8.68765640258789,-9.744353294372559,3.3392558097839355,1.252814769744873,-14.737947463989258,-7.5184645652771,-7.971975326538086,-9.170062065124512,-5.657299995422363
-583.8545532226562,96.03445434570312,-17.763565063476562,-10.965357780456543,-3.0229663848876953,-11.304841041564941,-2.242262601852417,2.025914430618286,-10.953181266784668,-5.565777778625488,-7.7266130447387695,-8.163764953613281,-8.518095970153809
-489.618408203125,72.1875,-14.174771308898926,-4.2382354736328125,-1.6642833948135376,-9.408239364624023,-2.776766300201416,2.634493112564087,-0.3706865906715393,-1.5705571174621582,-8.0413236618042,-8.315131187438965,-10.971671104431152
